Mã KH,SĐT,Email,Loại KH
KH0001,0961252147,yendang27@gmail.com,Tự do
KH0002,0995947060,kimnguyen21@gmail.com,Tự do
KH0003,0349903791,linhpham45@gmail.com,Tự do
KH0004,0903720904,anhduong76@gmail.com,Tự do
KH0005,0549962063,trongnguyen47@gmail.com,Tự do
KH0006,0997323805,hanhducbui28@gmail.com,Tự do
KH0007,0847098287,khoaduong63@gmail.com,Tự do
KH0008,0555259962,haidang50@gmail.com,Tự do
KH0009,0773931118,lamduong83@gmail.com,Tự do
KH0010,0714779069,khoathibui88@gmail.com,Tự do
KH0011,0929718852,trungbui26@gmail.com,Tự do
KH0012,0750887372,hanhduong91@gmail.com,Tự do
KH0013,0938799476,baonguyen90@gmail.com,Tự do
KH0014,0346378893,minhmai96@gmail.com,Tự do
KH0015,0857207165,haiduchoang46@gmail.com,Tự do
KH0016,0966048848,quangmai22@gmail.com,Tự do
KH0017,0810479937,quangmai15@gmail.com,Tự do
KH0018,0789546611,quangthile50@gmail.com,Tự do
KH0019,0891618671,quyongnamhoang12@gmail.com,Tự do
KH0020,0966741704,nhatduong38@gmail.com,Tự do
KH0021,0890824846,nhatvu99@gmail.com,Tự do
KH0022,0921658915,thanhbaodang67@gmail.com,Tự do
KH0023,0907024611,haimai21@gmail.com,Tự do
KH0024,0987512783,khoatran47@gmail.com,Tự do
KH0025,0533802577,lanhoang43@gmail.com,Tự do
KH0026,0988275394,kimhoang31@gmail.com,Tự do
KH0027,0990623813,tungle28@gmail.com,Tự do
KH0028,0369202366,nhatducduong47@gmail.com,Tự do
KH0029,0708716783,kimvu73@gmail.com,Tự do
KH0030,0889188056,hoangthehoang43@gmail.com,Tự do
KH0031,0583081066,huyxuandang74@gmail.com,Tự do
KH0032,0704300841,anhvu29@gmail.com,Tự do
KH0033,0867144947,hungtritran27@gmail.com,Tự do
KH0034,0759595380,hungnguyen44@gmail.com,Tự do
KH0035,0822408410,kimmaimai61@gmail.com,Tự do
KH0036,0319031371,hoangtran79@gmail.com,Tự do
KH0037,0337123599,antran89@gmail.com,Tự do
KH0038,0710087343,quycohanhle51@gmail.com,Tự do
KH0039,0538874745,pham34@gmail.com,Tự do
KH0040,0913976234,ngocnguyen52@gmail.com,Tự do
KH0041,0529879728,duongbui50@gmail.com,Tự do
KH0042,0333822581,baonguyen68@gmail.com,Tự do
KH0043,0752800410,thanhxuanmai51@gmail.com,Tự do
KH0044,0303930207,namthemai62@gmail.com,Tự do
KH0045,0862312139,quycophuongduong33@gmail.com,Tự do
KH0046,0540845298,quycomaipham65@gmail.com,Tự do
KH0047,0719793982,nhienhoang51@gmail.com,Tự do
KH0048,0567655923,huybui55@gmail.com,Tự do
KH0049,0812342977,quycongocmai38@gmail.com,Tự do
KH0050,0925607191,minhvu35@gmail.com,Tự do
KH0051,0552184781,haduong36@gmail.com,Tự do
KH0052,0504606177,maibui62@gmail.com,Tự do
KH0053,0787438906,tuhoang83@gmail.com,Tự do
KH0054,0744230765,baonguyen20@gmail.com,Tự do
KH0055,0738496536,haducdang55@gmail.com,Tự do
KH0056,0964041574,kimvu85@gmail.com,Tự do
KH0057,0985394007,kimxuanle55@gmail.com,Tự do
KH0058,0934998041,dungbaotran49@gmail.com,Tự do
KH0059,0738208082,ngocbui94@gmail.com,Tự do
KH0060,0891063524,chinguyen22@gmail.com,Tự do
KH0061,0778019386,khoahuule29@gmail.com,Tự do
KH0062,0871258059,phuongtanbui42@gmail.com,Tự do
KH0063,0835884116,trongmaivu98@gmail.com,Tự do
KH0064,0334203886,hanhpham41@gmail.com,Tự do
KH0065,0984401180,anle66@gmail.com,Tự do
KH0066,0594502049,duongmai24@gmail.com,Tự do
KH0067,0775360949,hanguyen94@gmail.com,Tự do
KH0068,0334853293,nhathoang36@gmail.com,Tự do
KH0069,0599952767,chauhuupham49@gmail.com,Tự do
KH0070,0952173977,quycokimle57@gmail.com,Tự do
KH0071,0871219761,tupham80@gmail.com,Tự do
KH0072,0373216302,quycohaduong35@gmail.com,Tự do
KH0073,0361218526,baothepham31@gmail.com,Tự do
KH0074,0746058603,baobui54@gmail.com,Tự do
KH0075,0327671369,baohaile98@gmail.com,Tự do
KH0076,0546748256,vanle20@gmail.com,Tự do
KH0077,0993028069,baohuuhoang80@gmail.com,Tự do
KH0078,0741623157,trungvu22@gmail.com,Tự do
KH0079,0556394057,hongpham83@gmail.com,Tự do
KH0080,0368553648,nhienvu78@gmail.com,Tự do
KH0081,0808365752,maiduong60@gmail.com,Tự do
KH0082,0526346623,quanghoang95@gmail.com,Tự do
KH0083,0308352653,hanhbui40@gmail.com,Tự do
KH0084,0965548170,vuducbui65@gmail.com,Tự do
KH0085,0829973352,yentran51@gmail.com,Tự do
KH0086,0998090899,tungtran76@gmail.com,Tự do
KH0087,0903225251,hoangtran91@gmail.com,Tự do
KH0088,0824208293,quangphupham58@gmail.com,Tự do
KH0089,0359844521,anhaidang81@gmail.com,Tự do
KH0090,0398953523,anhhoang30@gmail.com,Tự do
KH0091,0910155536,ductran59@gmail.com,Tự do
KH0092,0568754206,phuongvu61@gmail.com,Tự do
KH0093,0533616314,minhle31@gmail.com,Tự do
KH0094,0916283187,tungnguyen24@gmail.com,Tự do
KH0095,0846717435,anhpham63@gmail.com,Tự do
KH0096,0976831388,ngocduong96@gmail.com,Tự do
KH0097,0829265725,maivu92@gmail.com,Tự do
KH0098,0751275637,nambaomai30@gmail.com,Tự do
KH0099,0500723017,vanpham14@gmail.com,Tự do
KH0100,0940365592,hanhnguyen15@gmail.com,Tự do
KH0101,0753506621,ngocvu38@gmail.com,Tự do
KH0102,0555445667,tungduong17@gmail.com,Tự do
KH0103,0361276088,trongle36@gmail.com,Tự do
KH0104,0820184499,quyonganhduong97@gmail.com,Tự do
KH0105,0393329577,lamvu20@gmail.com,Tự do
KH0106,0309826980,kimduong35@gmail.com,Tự do
KH0107,0358864409,nhatpham19@gmail.com,Tự do
KH0108,0876127231,nhienhoang62@gmail.com,Tự do
KH0109,0310311210,thitran22@gmail.com,Tự do
KH0110,0567169181,dungmaipham42@gmail.com,Tự do
KH0111,0884873033,hongduong12@gmail.com,Tự do
KH0112,0734099198,khoaduong15@gmail.com,Tự do
KH0113,0760801643,minhhaibui91@gmail.com,Tự do
KH0114,0957356200,quyongquangbui92@gmail.com,Tự do
KH0115,0962626654,phucduong64@gmail.com,Tự do
KH0116,0374078416,lambui84@gmail.com,Tự do
KH0117,0514187284,quycobaotran99@gmail.com,Tự do
KH0118,0348954066,quangxuantran85@gmail.com,Tự do
KH0119,0565028010,lamxuannguyen70@gmail.com,Tự do
KH0120,0868574358,chidang57@gmail.com,Tự do
KH0121,0926924566,thaopham99@gmail.com,Tự do
KH0122,0914217418,phuongnguyen87@gmail.com,Tự do
KH0123,0575641063,phuongpham70@gmail.com,Tự do
KH0124,0354307247,trongle98@gmail.com,Tự do
KH0125,0826075236,thaopham34@gmail.com,Tự do
KH0126,0761784047,vanbui33@gmail.com,Tự do
KH0127,0520499653,khoahoang10@gmail.com,Tự do
KH0128,0981102054,vanhoang86@gmail.com,Tự do
KH0129,0802514724,kimthemai19@gmail.com,Tự do
KH0130,0896571414,lammai34@gmail.com,Tự do
KH0131,0336117791,quangduong19@gmail.com,Tự do
KH0132,0555097166,annguyen77@gmail.com,Tự do
KH0133,0939184461,quycoduyennguyen21@gmail.com,Tự do
KH0134,0387570510,duongbui21@gmail.com,Tự do
KH0135,0957534562,hainguyen29@gmail.com,Tự do
KH0136,0522060769,chihoang60@gmail.com,Tự do
KH0137,0705658674,quycolinhnguyen94@gmail.com,Tự do
KH0138,0708810172,thanhbui65@gmail.com,Tự do
KH0139,0750119791,havu81@gmail.com,Tự do
KH0140,0370188457,phucdang42@gmail.com,Tự do
KH0141,0999326305,khoathimai76@gmail.com,Tự do
KH0142,0558499118,trunghoang44@gmail.com,Tự do
KH0143,0312358357,quycophuongtran79@gmail.com,Tự do
KH0144,0860622090,vuhoang62@gmail.com,Tự do
KH0145,0868222809,nhattran64@gmail.com,Tự do
KH0146,0724658758,khoaphumai98@gmail.com,Tự do
KH0147,0310339896,minhvu14@gmail.com,Tự do
KH0148,0963034802,hungduong61@gmail.com,Tự do
KH0149,0598393239,chaubaoduong49@gmail.com,Tự do
KH0150,0514108544,namtridang97@gmail.com,Tự do
KH0151,0802263146,quangvu91@gmail.com,Tự do
KH0152,0514100072,anhdang59@gmail.com,Tự do
KH0153,0954243998,quangle78@gmail.com,Tự do
KH0154,0529837346,huongduong82@gmail.com,Tự do
KH0155,0345051992,landuong50@gmail.com,Tự do
KH0156,0988600286,lambui69@gmail.com,Tự do
KH0157,0382522575,anthibui12@gmail.com,Tự do
KH0158,0930381515,lamducbui94@gmail.com,Tự do
KH0159,0913824278,duyenduong82@gmail.com,Tự do
KH0160,0801518081,duyenle60@gmail.com,Tự do
KH0161,0352896211,chaule13@gmail.com,Tự do
KH0162,0745399348,quyongvuhoang66@gmail.com,Tự do
KH0163,0393619889,vuvu66@gmail.com,Tự do
KH0164,0587791113,vile33@gmail.com,Tự do
KH0165,0825937970,nhathaimai93@gmail.com,Tự do
KH0166,0368723720,kimhoang70@gmail.com,Tự do
KH0167,0304121229,chihoang42@gmail.com,Tự do
KH0168,0785638762,anhoang62@gmail.com,Tự do
KH0169,0832183518,khoale17@gmail.com,Tự do
KH0170,0728151566,hungnguyen27@gmail.com,Tự do
KH0171,0736385766,quyongquangvu13@gmail.com,Tự do
KH0172,0825888165,hoangxuantran84@gmail.com,Tự do
KH0173,0915951395,thanhtran81@gmail.com,Tự do
KH0174,0904536336,hongpham86@gmail.com,Tự do
KH0175,0725488283,lanmai55@gmail.com,Tự do
KH0176,0719960091,hoangtran84@gmail.com,Tự do
KH0177,0395422628,baohoangle66@gmail.com,Tự do
KH0178,0959157101,yenpham90@gmail.com,Tự do
KH0179,0599015014,kimmaibaonguyen85@gmail.com,Tự do
KH0180,0916850075,hanhnguyen95@gmail.com,Tự do
KH0181,0877338781,haivu71@gmail.com,Tự do
KH0182,0507296952,trongbaonguyen82@gmail.com,Tự do
KH0183,0305187172,anbui82@gmail.com,Tự do
KH0184,0747676443,lanhoang36@gmail.com,Tự do
KH0185,0598300845,hanhnguyen39@gmail.com,Tự do
KH0186,0800458705,namhoangpham39@gmail.com,Tự do
KH0187,0865930611,phuongbaotran87@gmail.com,Tự do
KH0188,0987573973,anquangduong78@gmail.com,Tự do
KH0189,0864430101,vihoang77@gmail.com,Tự do
KH0190,0352552989,nhatbaobui67@gmail.com,Tự do
KH0191,0950207955,duyenduong60@gmail.com,Tự do
KH0192,0843699809,kimbui38@gmail.com,Tự do
KH0193,0592231166,trongle95@gmail.com,Tự do
KH0194,0303802425,hongbui29@gmail.com,Tự do
KH0195,0593507075,mainguyen97@gmail.com,Tự do
KH0196,0797294707,baohuuhoang39@gmail.com,Tự do
KH0197,0735349751,phuongpham74@gmail.com,Tự do
KH0198,0993021658,quyongnamle37@gmail.com,Tự do
KH0199,0373497529,anhoang98@gmail.com,Tự do
KH0200,0904133826,hamai37@gmail.com,Tự do
KH0201,0872007215,quyonghoangpham53@gmail.com,Tự do
KH0202,0302606963,thanhbui74@gmail.com,Tự do
KH0203,0388545007,khoapham72@gmail.com,Tự do
KH0204,0714391390,lamvu68@gmail.com,Tự do
KH0205,0958736229,kimbui17@gmail.com,Tự do
KH0206,0364240768,thanhnguyen65@gmail.com,Tự do
KH0207,0747804033,quyongchauduong97@gmail.com,Tự do
KH0208,0719695211,hongnguyen43@gmail.com,Tự do
KH0209,0500122794,quycoyennguyen91@gmail.com,Tự do
KH0210,0924883333,phuctantran20@gmail.com,Tự do
KH0211,0854485494,nhatvu19@gmail.com,Tự do
KH0212,0542722375,baothile13@gmail.com,Tự do
KH0213,0933471847,chile86@gmail.com,Tự do
KH0214,0563937365,huongdang19@gmail.com,Tự do
KH0215,0947148082,xuannguyen47@gmail.com,Tự do
KH0216,0535951773,trungtran16@gmail.com,Tự do
KH0217,0982200501,thanhle55@gmail.com,Tự do
KH0218,0791838804,baole49@gmail.com,Tự do
KH0219,0714296090,thanhdang31@gmail.com,Tự do
KH0220,0559019562,nhatvandang26@gmail.com,Tự do
KH0221,0315615387,hungtran50@gmail.com,Tự do
KH0222,0384074957,tuxuanmai77@gmail.com,Tự do
KH0223,0978414241,hoangduong30@gmail.com,Tự do
KH0224,0385835061,duyenduong44@gmail.com,Tự do
KH0225,0512703622,yenvu54@gmail.com,Tự do
KH0226,0924177167,thanhbui45@gmail.com,Tự do
KH0227,0803573044,habui28@gmail.com,Tự do
KH0228,0815373636,hungquangnguyen62@gmail.com,Tự do
KH0229,0775357093,phuongpham76@gmail.com,Tự do
KH0230,0970254595,vule25@gmail.com,Tự do
KH0231,0366726382,quyongtungnguyen39@gmail.com,Tự do
KH0232,0363781616,lamtran93@gmail.com,Tự do
KH0233,0718578970,quycomainguyen88@gmail.com,Tự do
KH0234,0539224618,lampham79@gmail.com,Tự do
KH0235,0335874722,chidang82@gmail.com,Tự do
KH0236,0941246304,thanhthile15@gmail.com,Tự do
KH0237,0941536412,tupham27@gmail.com,Tự do
KH0238,0308082639,chihoang21@gmail.com,Tự do
KH0239,0907235096,thanhduong24@gmail.com,Tự do
KH0240,0982584015,andang12@gmail.com,Tự do
KH0241,0359838478,xuanbui17@gmail.com,Tự do
KH0242,0922143676,chibui73@gmail.com,Tự do
KH0243,0961950474,huyle84@gmail.com,Tự do
KH0244,0310447235,ngocbui63@gmail.com,Tự do
KH0245,0782464650,nhienbui20@gmail.com,Tự do
KH0246,0807801490,hanhmai33@gmail.com,Tự do
KH0247,0798611929,phuongnguyen82@gmail.com,Tự do
KH0248,0563616721,hungduong39@gmail.com,Tự do
KH0249,0590833841,antriduong30@gmail.com,Tự do
KH0250,0782820472,antran81@gmail.com,Tự do
KH0251,0779057469,lamhoangdang24@gmail.com,Tự do
KH0252,0975929236,hungvu18@gmail.com,Tự do
KH0253,0511946005,quangbui58@gmail.com,Tự do
KH0254,0892082992,quycohanhnguyen11@gmail.com,Tự do
KH0255,0895159529,haihuupham25@gmail.com,Tự do
KH0256,0952851500,hoangmai26@gmail.com,Tự do
KH0257,0366981049,baole35@gmail.com,Tự do
KH0258,0862993360,quyongvuvu90@gmail.com,Tự do
KH0259,0325851438,nhienvu64@gmail.com,Tự do
KH0260,0939394089,maihoang41@gmail.com,Tự do
KH0261,0962466426,quycophuongduong60@gmail.com,Tự do
KH0262,0305704520,haimai23@gmail.com,Tự do
KH0263,0583450205,huongdang80@gmail.com,Tự do
KH0264,0838657336,quyongtungnguyen19@gmail.com,Tự do
KH0265,0717607174,dungle87@gmail.com,Tự do
KH0266,0510439357,quycohanhpham87@gmail.com,Tự do
KH0267,0986598188,baohoang77@gmail.com,Tự do
KH0268,0769168396,duongpham73@gmail.com,Tự do
KH0269,0348787607,quyconhatdang39@gmail.com,Tự do
KH0270,0743525740,quycolannguyen83@gmail.com,Tự do
KH0271,0397624890,thanhthevu34@gmail.com,Tự do
KH0272,0936459275,duongdang70@gmail.com,Tự do
KH0273,0752100491,hanhnguyen69@gmail.com,Tự do
KH0274,0741401773,khoaduong37@gmail.com,Tự do
KH0275,0803289979,anhaile95@gmail.com,Tự do
KH0276,0961850854,baovu57@gmail.com,Tự do
KH0277,0795495423,haixuannguyen14@gmail.com,Tự do
KH0278,0933808890,nhatpham27@gmail.com,Tự do
KH0279,0854776735,phuchuuduong60@gmail.com,Tự do
KH0280,0754428565,haitandang22@gmail.com,Tự do
KH0281,0754306438,nhatthebui73@gmail.com,Tự do
KH0282,0737187569,quycokimvu28@gmail.com,Tự do
KH0283,0805888423,nhatduong27@gmail.com,Tự do
KH0284,0800463573,quycokimdang76@gmail.com,Tự do
KH0285,0960827293,quyongminhvu89@gmail.com,Tự do
KH0286,0893391570,thaohoang71@gmail.com,Tự do
KH0287,0943916620,vutran30@gmail.com,Tự do
KH0288,0932973579,anvu79@gmail.com,Tự do
KH0289,0877087875,phucducnguyen73@gmail.com,Tự do
KH0290,0568213012,tungle56@gmail.com,Tự do
KH0291,0321376248,xuanvu28@gmail.com,Tự do
KH0292,0911596460,vunguyen86@gmail.com,Tự do
KH0293,0566038820,quycoantran67@gmail.com,Tự do
KH0294,0579125605,khoatran68@gmail.com,Tự do
KH0295,0967297390,hongmai87@gmail.com,Tự do
KH0296,0312880035,dungducpham47@gmail.com,Tự do
KH0297,0908483633,phuongle90@gmail.com,Tự do
KH0298,0949914931,baoduong94@gmail.com,Tự do
KH0299,0535998509,kimmai81@gmail.com,Tự do
KH0300,0771883727,tungpham22@gmail.com,Tự do
KH0301,0993728367,nhatvu25@gmail.com,Tự do
KH0302,0819863372,nampham24@gmail.com,Tự do
KH0303,0724509452,baobui12@gmail.com,Tự do
KH0304,0981387941,quyongminhtran90@gmail.com,Tự do
KH0305,0536119997,khoaxuantran81@gmail.com,Tự do
KH0306,0305880409,haitripham33@gmail.com,Tự do
KH0307,0950308648,kimdang65@gmail.com,Tự do
KH0308,0300242969,anhoang72@gmail.com,Tự do
KH0309,0977492045,quangvu27@gmail.com,Tự do
KH0310,0358738980,anquanghoang27@gmail.com,Tự do
KH0311,0551906026,anmai36@gmail.com,Tự do
KH0312,0829010298,lantran59@gmail.com,Tự do
KH0313,0703776179,hanhmaitran91@gmail.com,Tự do
KH0314,0771689811,duyennguyen33@gmail.com,Tự do
KH0315,0741836126,huynguyen94@gmail.com,Tự do
KH0316,0524779237,haivanle46@gmail.com,Tự do
KH0317,0332853700,mai66@gmail.com,Tự do
KH0318,0392044439,phuongdang56@gmail.com,Tự do
KH0319,0581561405,quycophuongnguyen31@gmail.com,Tự do
KH0320,0307225673,minhbui21@gmail.com,Tự do
KH0321,0835067915,thaotran79@gmail.com,Tự do
KH0322,0535255792,vanduong61@gmail.com,Tự do
KH0323,0743576277,xuanvu32@gmail.com,Tự do
KH0324,0986859876,xuantran11@gmail.com,Tự do
KH0325,0590931737,lanvu90@gmail.com,Tự do
KH0326,0521769654,thanhle68@gmail.com,Tự do
KH0327,0728120884,quycokimnguyen50@gmail.com,Tự do
KH0328,0916259112,phuonghaivu17@gmail.com,Tự do
KH0329,0372669193,nhatmai56@gmail.com,Tự do
KH0330,0717792278,baoxuanbui46@gmail.com,Tự do
KH0331,0844579512,khoabui60@gmail.com,Tự do
KH0332,0908055122,minhquangdang43@gmail.com,Tự do
KH0333,0359530055,nhatvu30@gmail.com,Tự do
KH0334,0960148642,vanpham28@gmail.com,Tự do
KH0335,0737298905,trongmai50@gmail.com,Tự do
KH0336,0737198398,khoadang22@gmail.com,Tự do
KH0337,0792067550,namle35@gmail.com,Tự do
KH0338,0863071662,kimpham62@gmail.com,Tự do
KH0339,0338214401,trungtridang61@gmail.com,Tự do
KH0340,0860404938,baonguyen83@gmail.com,Tự do
KH0341,0727120680,baohaile98@gmail.com,Tự do
KH0342,0881815746,haimai35@gmail.com,Tự do
KH0343,0357331509,quyconhatvu87@gmail.com,Tự do
KH0344,0930888335,khoabui75@gmail.com,Tự do
KH0345,0395058063,phuongmai17@gmail.com,Tự do
KH0346,0506013062,vile23@gmail.com,Tự do
KH0347,0947543655,hanhthinguyen73@gmail.com,Tự do
KH0348,0849018667,duongvu27@gmail.com,Tự do
KH0349,0711856204,phuongpham78@gmail.com,Tự do
KH0350,0393542759,baohoang58@gmail.com,Tự do
KH0351,0915591658,ngochoang90@gmail.com,Tự do
KH0352,0852618327,anbaole18@gmail.com,Tự do
KH0353,0319391810,namvu43@gmail.com,Tự do
KH0354,0981029570,chivu39@gmail.com,Tự do
KH0355,0590385604,huynguyen55@gmail.com,Tự do
KH0356,0829399534,huytran46@gmail.com,Tự do
KH0357,0381899558,thanhtanmai17@gmail.com,Tự do
KH0358,0798311261,dungducpham80@gmail.com,Tự do
KH0359,0710624226,haimaile61@gmail.com,Tự do
KH0360,0719248798,phuonghaimai87@gmail.com,Tự do
KH0361,0341404126,vupham50@gmail.com,Tự do
KH0362,0391867863,yenduong86@gmail.com,Tự do
KH0363,0764140814,linhnguyen28@gmail.com,Tự do
KH0364,0962393024,minhhuuhoang92@gmail.com,Tự do
KH0365,0338107175,quycoxuanpham53@gmail.com,Tự do
KH0366,0844675091,thanhxuanhoang85@gmail.com,Tự do
KH0367,0525746084,tuvu88@gmail.com,Tự do
KH0368,0808877229,xuanbui71@gmail.com,Tự do
KH0369,0778238134,nhatthenguyen17@gmail.com,Tự do
KH0370,0596667767,hamaile19@gmail.com,Tự do
KH0371,0923930593,quycokimduong91@gmail.com,Tự do
KH0372,0389539985,nhatmaibui85@gmail.com,Tự do
KH0373,0861858057,phuongduong28@gmail.com,Tự do
KH0374,0775051613,maiduong50@gmail.com,Tự do
KH0375,0712316140,kimbui38@gmail.com,Tự do
KH0376,0811081461,quycobaopham56@gmail.com,Tự do
KH0377,0525513182,phuongthile51@gmail.com,Tự do
KH0378,0790562974,khoaducnguyen69@gmail.com,Tự do
KH0379,0542500903,quyongthanhbui61@gmail.com,Tự do
KH0380,0928464544,vibui84@gmail.com,Tự do
KH0381,0557044669,khoahoang51@gmail.com,Tự do
KH0382,0314558155,thanhtran30@gmail.com,Tự do
KH0383,0521252299,vivu29@gmail.com,Tự do
KH0384,0700890757,khoapham57@gmail.com,Tự do
KH0385,0374861537,nhatbui78@gmail.com,Tự do
KH0386,0988564646,thaoduong83@gmail.com,Tự do
KH0387,0555299390,linhdang94@gmail.com,Tự do
KH0388,0735356568,phuonghoang53@gmail.com,Tự do
KH0389,0598565065,lammai44@gmail.com,Tự do
KH0390,0908007573,ngocnguyen96@gmail.com,Tự do
KH0391,0850226219,nhatpham59@gmail.com,Tự do
KH0392,0955437001,quangmaipham58@gmail.com,Tự do
KH0393,0904298764,kimhoang79@gmail.com,Tự do
KH0394,0339812482,kimmai86@gmail.com,Tự do
KH0395,0908703923,kimbaotran27@gmail.com,Tự do
KH0396,0505263068,baonguyen54@gmail.com,Tự do
KH0397,0938366300,thaopham88@gmail.com,Tự do
KH0398,0808381172,khoale62@gmail.com,Tự do
KH0399,0877183280,anhoangpham25@gmail.com,Tự do
KH0400,0532817353,vubui11@gmail.com,Tự do
KH0401,0313571404,kimdang81@gmail.com,Đơn vị
KH0402,0814283927,quangvu82@gmail.com,Đơn vị
KH0403,0736964330,nhattripham70@gmail.com,Đơn vị
KH0404,0860548503,baonguyen14@gmail.com,Đơn vị
KH0405,0787819667,huongvu69@gmail.com,Đơn vị
KH0406,0545779621,hainguyen75@gmail.com,Đơn vị
KH0407,0373332576,hungbui40@gmail.com,Đơn vị
KH0408,0325403900,hungbui47@gmail.com,Đơn vị
KH0409,0857753110,hungnguyen73@gmail.com,Đơn vị
KH0410,0572523445,hungduong21@gmail.com,Đơn vị
KH0411,0577730872,nhatbui88@gmail.com,Đơn vị
KH0412,0395049116,vanpham64@gmail.com,Đơn vị
KH0413,0552751305,quangpham89@gmail.com,Đơn vị
KH0414,0765489433,thanhmai32@gmail.com,Đơn vị
KH0415,0595616852,tungbui50@gmail.com,Đơn vị
KH0416,0957338892,dungmaipham80@gmail.com,Đơn vị
KH0417,0539165058,xuannguyen15@gmail.com,Đơn vị
KH0418,0380906259,maidang23@gmail.com,Đơn vị
KH0419,0313638655,duong76@gmail.com,Đơn vị
KH0420,0301987533,khoabaole19@gmail.com,Đơn vị
KH0421,0531299297,ducvu26@gmail.com,Đơn vị
KH0422,0796691451,thanhtran61@gmail.com,Đơn vị
KH0423,0932859888,maidang45@gmail.com,Đơn vị
KH0424,0906526170,nhiennguyen28@gmail.com,Đơn vị
KH0425,0325219278,baoduong57@gmail.com,Đơn vị
KH0426,0544250013,xuandang64@gmail.com,Đơn vị
KH0427,0946033608,nhienduong41@gmail.com,Đơn vị
KH0428,0388008409,quangbaonguyen65@gmail.com,Đơn vị
KH0429,0346218811,yenduong23@gmail.com,Đơn vị
KH0430,0862161494,hongduong48@gmail.com,Đơn vị
KH0431,0349220328,baohoangdang80@gmail.com,Đơn vị
KH0432,0518797910,tumai40@gmail.com,Đơn vị
KH0433,0329349695,nhatmaibaoduong27@gmail.com,Đơn vị
KH0434,0808196894,tubaopham53@gmail.com,Đơn vị
KH0435,0709190117,vuducvu29@gmail.com,Đơn vị
KH0436,0396544587,namhoangpham35@gmail.com,Đơn vị
KH0437,0517651833,khoathihoang68@gmail.com,Đơn vị
KH0438,0339521000,khoaduong68@gmail.com,Đơn vị
KH0439,0325960275,quycothanhdang50@gmail.com,Đơn vị
KH0440,0843358822,huongtran99@gmail.com,Đơn vị
KH0441,0812273100,thanhdang58@gmail.com,Đơn vị
KH0442,0886440382,quyonghuypham19@gmail.com,Đơn vị
KH0443,0555914082,vivu38@gmail.com,Đơn vị
KH0444,0827738597,nhattran26@gmail.com,Đơn vị
KH0445,0742439896,quycophuongduong88@gmail.com,Đơn vị
KH0446,0596795142,khoahoang52@gmail.com,Đơn vị
KH0447,0567406571,baomai34@gmail.com,Đơn vị
KH0448,0516416815,duongdang90@gmail.com,Đơn vị
KH0449,0724964714,chinguyen17@gmail.com,Đơn vị
KH0450,0556716140,baopham87@gmail.com,Đơn vị
KH0451,0799744524,duyenle96@gmail.com,Đơn vị
KH0452,0567346625,lamducmai26@gmail.com,Đơn vị
KH0453,0567151002,duyenmai28@gmail.com,Đơn vị
KH0454,0754211475,khoamai15@gmail.com,Đơn vị
KH0455,0536706653,thaole36@gmail.com,Đơn vị
KH0456,0515112296,haixuantran46@gmail.com,Đơn vị
KH0457,0760703937,quycohongvu14@gmail.com,Đơn vị
KH0458,0837647354,hongmai62@gmail.com,Đơn vị
KH0459,0576601569,anmai38@gmail.com,Đơn vị
KH0460,0961145230,thanhnguyen11@gmail.com,Đơn vị
KH0461,0325849913,chauvannguyen48@gmail.com,Đơn vị
KH0462,0809354159,lammai20@gmail.com,Đơn vị
KH0463,0913587635,quyonghuymai69@gmail.com,Đơn vị
KH0464,0317289710,anhvu92@gmail.com,Đơn vị
KH0465,0980071226,tule30@gmail.com,Đơn vị
KH0466,0923891679,vile92@gmail.com,Đơn vị
KH0467,0904488545,maitran22@gmail.com,Đơn vị
KH0468,0520533675,duyenpham28@gmail.com,Đơn vị
KH0469,0735272798,quycobaopham84@gmail.com,Đơn vị
KH0470,0914717841,nhatvu74@gmail.com,Đơn vị
KH0471,0397907929,haihoang26@gmail.com,Đơn vị
KH0472,0717099703,quyongbaodang96@gmail.com,Đơn vị
KH0473,0586156962,ngocpham85@gmail.com,Đơn vị
KH0474,0323277455,vandang59@gmail.com,Đơn vị
KH0475,0528535480,phuchoangnguyen41@gmail.com,Đơn vị
KH0476,0879684322,ngocpham12@gmail.com,Đơn vị
KH0477,0383114218,khoaduong44@gmail.com,Đơn vị
KH0478,0867475330,hamaivu75@gmail.com,Đơn vị
KH0479,0709155855,vanpham23@gmail.com,Đơn vị
KH0480,0936548018,phucnguyen26@gmail.com,Đơn vị
KH0481,0595273318,haquangpham94@gmail.com,Đơn vị
KH0482,0947418817,quycomaile27@gmail.com,Đơn vị
KH0483,0759328874,kimduong75@gmail.com,Đơn vị
KH0484,0707010903,quangduong87@gmail.com,Đơn vị
KH0485,0805806720,nhienthibui88@gmail.com,Đơn vị
KH0486,0540282868,trongmaibaodang36@gmail.com,Đơn vị
KH0487,0745284123,vanpham96@gmail.com,Đơn vị
KH0488,0533344621,quangle80@gmail.com,Đơn vị
KH0489,0951349639,trungvanvu88@gmail.com,Đơn vị
KH0490,0703647428,hatran85@gmail.com,Đơn vị
KH0491,0943004400,phuonghaidang25@gmail.com,Đơn vị
KH0492,0780699700,le47@gmail.com,Đơn vị
KH0493,0361047329,maipham30@gmail.com,Đơn vị
KH0494,0851396525,yentran20@gmail.com,Đơn vị
KH0495,0964184400,nhathoang28@gmail.com,Đơn vị
KH0496,0856214938,thanhtran99@gmail.com,Đơn vị
KH0497,0833075813,nhatmaimai87@gmail.com,Đơn vị
KH0498,0568897942,quyongchauduong23@gmail.com,Đơn vị
KH0499,0394277324,quycongocmai93@gmail.com,Đơn vị
KH0500,0889476283,tuphuduong36@gmail.com,Đơn vị
