Mã KHTD,Họ tên
KH0001,Yến Đặng
KH0002,Kim Nguyễn
KH0003,Linh Phạm
KH0004,Ánh Dương
KH0005,Trọng Nguyễn
KH0006,Hạnh Đức Bùi
KH0007,Khoa Dương
KH0008,Hải Đặng
KH0009,Lâm Dương
KH0010,Khoa Thị Bùi
KH0011,Trung Bùi
KH0012,Hạnh Dương
KH0013,Bảo Nguyễn
KH0014,Minh Mai
KH0015,Hải Đức Hoàng
KH0016,Quang Mai
KH0017,Quang Mai
KH0018,Quang Thị Lê
KH0019,Quý ông Nam Hoàng
KH0020,Nhật Dương
KH0021,Nhật Vũ
KH0022,Thành Bảo Đặng
KH0023,Hải Mai
KH0024,Khoa Trần
KH0025,Lan Hoàng
KH0026,Kim Hoàng
KH0027,Tùng Lê
KH0028,Nhật Đức Dương
KH0029,Kim Vũ
KH0030,Hoàng Thế Hoàng
KH0031,Huy Xuân Đặng
KH0032,Ánh Vũ
KH0033,Hưng Trí Trần
KH0034,Hưng Nguyễn
KH0035,Kim Mai Mai
KH0036,Hoàng Trần
KH0037,An Trần
KH0038,Quý cô Hạnh Lê
KH0039,Phạm
KH0040,Ngọc Nguyễn
KH0041,Dương Bùi
KH0042,Bảo Nguyễn
KH0043,Thành Xuân Mai
KH0044,Nam Thế Mai
KH0045,Quý cô Phương Dương
KH0046,Quý cô Mai Phạm
KH0047,Nhiên Hoàng
KH0048,Huy Bùi
KH0049,Quý cô Ngọc Mai
KH0050,Minh Vũ
KH0051,Hà Dương
KH0052,Mai Bùi
KH0053,Tú Hoàng
KH0054,Bảo Nguyễn
KH0055,Hà Đức Đặng
KH0056,Kim Vũ
KH0057,Kim Xuân Lê
KH0058,Dũng Bảo Trần
KH0059,Ngọc Bùi
KH0060,Chi Nguyễn
KH0061,Khoa Hữu Lê
KH0062,Phương Tấn Bùi
KH0063,Trọng Mai Vũ
KH0064,Hạnh Phạm
KH0065,An Lê
KH0066,Dương Mai
KH0067,Hà Nguyễn
KH0068,Nhật Hoàng
KH0069,Châu Hữu Phạm
KH0070,Quý cô Kim Lê
KH0071,Tú Phạm
KH0072,Quý cô Hà Dương
KH0073,Bảo Thế Phạm
KH0074,Bảo Bùi
KH0075,Bảo Hải Lê
KH0076,Vân Lê
KH0077,Bảo Hữu Hoàng
KH0078,Trung Vũ
KH0079,Hồng Phạm
KH0080,Nhiên Vũ
KH0081,Mai Dương
KH0082,Quang Hoàng
KH0083,Hạnh Bùi
KH0084,Vũ Đức Bùi
KH0085,Yến Trần
KH0086,Tùng Trần
KH0087,Hoàng Trần
KH0088,Quang Phú Phạm
KH0089,An Hải Đặng
KH0090,Anh Hoàng
KH0091,Đức Trần
KH0092,Phương Vũ
KH0093,Minh Lê
KH0094,Tùng Nguyễn
KH0095,Anh Phạm
KH0096,Ngọc Dương
KH0097,Mai Vũ
KH0098,Nam Bảo Mai
KH0099,Vân Phạm
KH0100,Hạnh Nguyễn
KH0101,Ngọc Vũ
KH0102,Tùng Dương
KH0103,Trọng Lê
KH0104,Quý ông Anh Dương
KH0105,Lâm Vũ
KH0106,Kim Dương
KH0107,Nhật Phạm
KH0108,Nhiên Hoàng
KH0109,Thị Trần
KH0110,Dũng Mai Phạm
KH0111,Hồng Dương
KH0112,Khoa Dương
KH0113,Minh Hải Bùi
KH0114,Quý ông Quang Bùi
KH0115,Phúc Dương
KH0116,Lâm Bùi
KH0117,Quý cô Bảo Trần
KH0118,Quang Xuân Trần
KH0119,Lâm Xuân Nguyễn
KH0120,Chi Đặng
KH0121,Thảo Phạm
KH0122,Phương Nguyễn
KH0123,Phương Phạm
KH0124,Trọng Lê
KH0125,Thảo Phạm
KH0126,Vân Bùi
KH0127,Khoa Hoàng
KH0128,Vân Hoàng
KH0129,Kim Thế Mai
KH0130,Lâm Mai
KH0131,Quang Dương
KH0132,An Nguyễn
KH0133,Quý cô Duyên Nguyễn
KH0134,Dương Bùi
KH0135,Hải Nguyễn
KH0136,Chi Hoàng
KH0137,Quý cô Linh Nguyễn
KH0138,Thành Bùi
KH0139,Hà Vũ
KH0140,Phúc Đặng
KH0141,Khoa Thị Mai
KH0142,Trung Hoàng
KH0143,Quý cô Phương Trần
KH0144,Vũ Hoàng
KH0145,Nhật Trần
KH0146,Khoa Phú Mai
KH0147,Minh Vũ
KH0148,Hưng Dương
KH0149,Châu Bảo Dương
KH0150,Nam Trí Đặng
KH0151,Quang Vũ
KH0152,Ánh Đặng
KH0153,Quang Lê
KH0154,Hương Dương
KH0155,Lan Dương
KH0156,Lâm Bùi
KH0157,An Thị Bùi
KH0158,Lâm Đức Bùi
KH0159,Duyên Dương
KH0160,Duyên Lê
KH0161,Châu Lê
KH0162,Quý ông Vũ Hoàng
KH0163,Vũ Vũ
KH0164,Vi Lê
KH0165,Nhật Hải Mai
KH0166,Kim Hoàng
KH0167,Chi Hoàng
KH0168,An Hoàng
KH0169,Khoa Lê
KH0170,Hưng Nguyễn
KH0171,Quý ông Quang Vũ
KH0172,Hoàng Xuân Trần
KH0173,Thành Trần
KH0174,Hồng Phạm
KH0175,Lan Mai
KH0176,Hoàng Trần
KH0177,Bảo Hoàng Lê
KH0178,Yến Phạm
KH0179,Kim Mai Bảo Nguyễn
KH0180,Hạnh Nguyễn
KH0181,Hải Vũ
KH0182,Trọng Bảo Nguyễn
KH0183,An Bùi
KH0184,Lan Hoàng
KH0185,Hạnh Nguyễn
KH0186,Nam Hoàng Phạm
KH0187,Phương Bảo Trần
KH0188,An Quang Dương
KH0189,Vi Hoàng
KH0190,Nhật Bảo Bùi
KH0191,Duyên Dương
KH0192,Kim Bùi
KH0193,Trọng Lê
KH0194,Hồng Bùi
KH0195,Mai Nguyễn
KH0196,Bảo Hữu Hoàng
KH0197,Phương Phạm
KH0198,Quý ông Nam Lê
KH0199,An Hoàng
KH0200,Hà Mai
KH0201,Quý ông Hoàng Phạm
KH0202,Thành Bùi
KH0203,Khoa Phạm
KH0204,Lâm Vũ
KH0205,Kim Bùi
KH0206,Thành Nguyễn
KH0207,Quý ông Châu Dương
KH0208,Hồng Nguyễn
KH0209,Quý cô Yến Nguyễn
KH0210,Phúc Tấn Trần
KH0211,Nhật Vũ
KH0212,Bảo Thị Lê
KH0213,Chi Lê
KH0214,Hương Đặng
KH0215,Xuân Nguyễn
KH0216,Trung Trần
KH0217,Thành Lê
KH0218,Bảo Lê
KH0219,Thành Đặng
KH0220,Nhật Văn Đặng
KH0221,Hưng Trần
KH0222,Tú Xuân Mai
KH0223,Hoàng Dương
KH0224,Duyên Dương
KH0225,Yến Vũ
KH0226,Thành Bùi
KH0227,Hà Bùi
KH0228,Hưng Quang Nguyễn
KH0229,Phương Phạm
KH0230,Vũ Lê
KH0231,Quý ông Tùng Nguyễn
KH0232,Lâm Trần
KH0233,Quý cô Mai Nguyễn
KH0234,Lâm Phạm
KH0235,Chi Đặng
KH0236,Thành Thị Lê
KH0237,Tú Phạm
KH0238,Chi Hoàng
KH0239,Thành Dương
KH0240,An Đặng
KH0241,Xuân Bùi
KH0242,Chi Bùi
KH0243,Huy Lê
KH0244,Ngọc Bùi
KH0245,Nhiên Bùi
KH0246,Hạnh Mai
KH0247,Phương Nguyễn
KH0248,Hưng Dương
KH0249,An Trí Dương
KH0250,An Trần
KH0251,Lâm Hoàng Đặng
KH0252,Hưng Vũ
KH0253,Quang Bùi
KH0254,Quý cô Hạnh Nguyễn
KH0255,Hải Hữu Phạm
KH0256,Hoàng Mai
KH0257,Bảo Lê
KH0258,Quý ông Vũ Vũ
KH0259,Nhiên Vũ
KH0260,Mai Hoàng
KH0261,Quý cô Phương Dương
KH0262,Hải Mai
KH0263,Hương Đặng
KH0264,Quý ông Tùng Nguyễn
KH0265,Dũng Lê
KH0266,Quý cô Hạnh Phạm
KH0267,Bảo Hoàng
KH0268,Dương Phạm
KH0269,Quý cô Nhật Đặng
KH0270,Quý cô Lan Nguyễn
KH0271,Thành Thế Vũ
KH0272,Dương Đặng
KH0273,Hạnh Nguyễn
KH0274,Khoa Dương
KH0275,An Hải Lê
KH0276,Bảo Vũ
KH0277,Hải Xuân Nguyễn
KH0278,Nhật Phạm
KH0279,Phúc Hữu Dương
KH0280,Hải Tấn Đặng
KH0281,Nhật Thế Bùi
KH0282,Quý cô Kim Vũ
KH0283,Nhật Dương
KH0284,Quý cô Kim Đặng
KH0285,Quý ông Minh Vũ
KH0286,Thảo Hoàng
KH0287,Vũ Trần
KH0288,An Vũ
KH0289,Phúc Đức Nguyễn
KH0290,Tùng Lê
KH0291,Xuân Vũ
KH0292,Vũ Nguyễn
KH0293,Quý cô An Trần
KH0294,Khoa Trần
KH0295,Hồng Mai
KH0296,Dũng Đức Phạm
KH0297,Phương Lê
KH0298,Bảo Dương
KH0299,Kim Mai
KH0300,Tùng Phạm
KH0301,Nhật Vũ
KH0302,Nam Phạm
KH0303,Bảo Bùi
KH0304,Quý ông Minh Trần
KH0305,Khoa Xuân Trần
KH0306,Hải Trí Phạm
KH0307,Kim Đặng
KH0308,An Hoàng
KH0309,Quang Vũ
KH0310,An Quang Hoàng
KH0311,An Mai
KH0312,Lan Trần
KH0313,Hạnh Mai Trần
KH0314,Duyên Nguyễn
KH0315,Huy Nguyễn
KH0316,Hải Văn Lê
KH0317,Mai
KH0318,Phương Đặng
KH0319,Quý cô Phương Nguyễn
KH0320,Minh Bùi
KH0321,Thảo Trần
KH0322,Vân Dương
KH0323,Xuân Vũ
KH0324,Xuân Trần
KH0325,Lan Vũ
KH0326,Thành Lê
KH0327,Quý cô Kim Nguyễn
KH0328,Phương Hải Vũ
KH0329,Nhật Mai
KH0330,Bảo Xuân Bùi
KH0331,Khoa Bùi
KH0332,Minh Quang Đặng
KH0333,Nhật Vũ
KH0334,Vân Phạm
KH0335,Trọng Mai
KH0336,Khoa Đặng
KH0337,Nam Lê
KH0338,Kim Phạm
KH0339,Trung Trí Đặng
KH0340,Bảo Nguyễn
KH0341,Bảo Hải Lê
KH0342,Hải Mai
KH0343,Quý cô Nhật Vũ
KH0344,Khoa Bùi
KH0345,Phương Mai
KH0346,Vi Lê
KH0347,Hạnh Thị Nguyễn
KH0348,Dương Vũ
KH0349,Phương Phạm
KH0350,Bảo Hoàng
KH0351,Ngọc Hoàng
KH0352,An Bảo Lê
KH0353,Nam Vũ
KH0354,Chi Vũ
KH0355,Huy Nguyễn
KH0356,Huy Trần
KH0357,Thành Tấn Mai
KH0358,Dũng Đức Phạm
KH0359,Hải Mai Lê
KH0360,Phương Hải Mai
KH0361,Vũ Phạm
KH0362,Yến Dương
KH0363,Linh Nguyễn
KH0364,Minh Hữu Hoàng
KH0365,Quý cô Xuân Phạm
KH0366,Thành Xuân Hoàng
KH0367,Tú Vũ
KH0368,Xuân Bùi
KH0369,Nhật Thế Nguyễn
KH0370,Hà Mai Lê
KH0371,Quý cô Kim Dương
KH0372,Nhật Mai Bùi
KH0373,Phương Dương
KH0374,Mai Dương
KH0375,Kim Bùi
KH0376,Quý cô Bảo Phạm
KH0377,Phương Thị Lê
KH0378,Khoa Đức Nguyễn
KH0379,Quý ông Thành Bùi
KH0380,Vi Bùi
KH0381,Khoa Hoàng
KH0382,Thành Trần
KH0383,Vi Vũ
KH0384,Khoa Phạm
KH0385,Nhật Bùi
KH0386,Thảo Dương
KH0387,Linh Đặng
KH0388,Phương Hoàng
KH0389,Lâm Mai
KH0390,Ngọc Nguyễn
KH0391,Nhật Phạm
KH0392,Quang Mai Phạm
KH0393,Kim Hoàng
KH0394,Kim Mai
KH0395,Kim Bảo Trần
KH0396,Bảo Nguyễn
KH0397,Thảo Phạm
KH0398,Khoa Lê
KH0399,An Hoàng Phạm
KH0400,Vũ Bùi
